{"cameraMode":{"drawMode":2,"name":"Shaded Wireframe","section":"Shading Mode"},"sceneLighting":false,"audioPlay":false,"sceneViewState":{"showFog":true,"showMaterialUpdate":false,"showSkybox":true,"showFlares":true,"showImageEffects":true,"showParticleSystems":true},"in2DMode":false,"pivot":{"x":7.591513633728027,"y":-0.8153810501098633,"z":0.9310779571533203},"rotation":{"x":0.29886767268180849,"y":-0.08717210590839386,"z":0.027415143325924875,"w":0.9499443769454956},"size":13.418464660644532,"orthographic":false}