{"cameraMode":{"drawMode":2,"name":"Shaded Wireframe","section":"Shading Mode"},"sceneLighting":false,"audioPlay":false,"sceneViewState":{"showFog":true,"showMaterialUpdate":false,"showSkybox":true,"showFlares":true,"showImageEffects":true,"showParticleSystems":true},"in2DMode":false,"pivot":{"x":5.970440864562988,"y":4.455608367919922,"z":-6.339351654052734},"rotation":{"x":0.4171702265739441,"y":-0.042245157063007358,"z":0.019409794360399247,"w":0.9076752662658691},"size":5.417908668518066,"orthographic":false}