{"cameraMode":{"drawMode":0,"name":"Shaded","section":"Shading Mode"},"sceneLighting":false,"audioPlay":false,"sceneViewState":{"showFog":true,"showMaterialUpdate":false,"showSkybox":true,"showFlares":true,"showImageEffects":true,"showParticleSystems":true},"in2DMode":false,"pivot":{"x":-12.3817777633667,"y":-5.1715407371521,"z":7.661762237548828},"rotation":{"x":-0.15710322558879853,"y":0.43277406692504885,"z":-0.07687971740961075,"w":-0.8843730092048645},"size":10.847200393676758,"orthographic":false}