{"cameraMode":{"drawMode":0,"name":"Shaded","section":"Shading Mode"},"sceneLighting":false,"audioPlay":false,"sceneViewState":{"showFog":true,"showMaterialUpdate":false,"showSkybox":true,"showFlares":true,"showImageEffects":true,"showParticleSystems":true},"in2DMode":false,"pivot":{"x":-4.418323993682861,"y":5.319433212280273,"z":-6.6359052658081059},"rotation":{"x":0.08506079018115998,"y":0.9066552519798279,"z":-0.22072839736938477,"w":0.34936481714248659},"size":6.645726203918457,"orthographic":false}