{"cameraMode":{"drawMode":0,"name":"Shaded","section":"Shading Mode"},"sceneLighting":false,"audioPlay":false,"sceneViewState":{"showFog":true,"showMaterialUpdate":false,"showSkybox":true,"showFlares":true,"showImageEffects":true,"showParticleSystems":true},"in2DMode":false,"pivot":{"x":-15.68142032623291,"y":3.9285964965820314,"z":11.888269424438477},"rotation":{"x":-0.08156127482652664,"y":0.9136205911636353,"z":-0.22824080288410188,"w":-0.3264716565608978},"size":10.85012435913086,"orthographic":false}