{"cameraMode":{"drawMode":0,"name":"Shaded","section":"Shading Mode"},"sceneLighting":false,"audioPlay":false,"sceneViewState":{"showFog":true,"showMaterialUpdate":false,"showSkybox":true,"showFlares":true,"showImageEffects":true,"showParticleSystems":true},"in2DMode":false,"pivot":{"x":27.25799560546875,"y":29.188859939575197,"z":10.136274337768555},"rotation":{"x":-0.22034679353237153,"y":0.7347320318222046,"z":-0.2805982530117035,"w":-0.5769673585891724},"size":7.273007392883301,"orthographic":false}